rodamiento,condicion,t_min,rul_min,vida_frac,rms_h_m6,rms_v_m6,pico_h_m6,pico_v_m6,curtosis_h_m6,curtosis_v_m6,factor_cresta_h_m6,factor_cresta_v_m6,rms_h_m30,rms_v_m30,pico_h_m30,pico_v_m30,curtosis_h_m30,curtosis_v_m30,factor_cresta_h_m30,factor_cresta_v_m30,rms_h_rel,rms_v_rel,pico_h_rel,pico_v_rel,curtosis_h_rel,curtosis_v_rel,factor_cresta_h_rel,factor_cresta_v_rel,rms_h_tend,rms_v_tend,pico_h_tend,pico_v_tend,curtosis_h_tend,curtosis_v_tend,factor_cresta_h_tend,factor_cresta_v_tend,rms_h_std30,rms_v_std30,pico_h_std30,pico_v_std30,curtosis_h_std30,curtosis_v_std30,factor_cresta_h_std30,factor_cresta_v_std30,t_horas,mantenimiento
Bearing1_1,C1,15.5,451.5,0.0331905781584582,0.41750589906672686,0.4324789858562102,1.455,1.5928333333333333,-0.0037324240030412507,0.07459971881073639,3.487579509594465,3.6832325223969438,0.42297986814222627,0.4433979433197458,1.6452666666666667,1.6538333333333333,0.16748140374052253,0.053769777340039994,3.878671906007702,3.729663064799679,1.0527371069366518,1.0117452474397526,0.9744826200522404,1.030515419452232,0.028391002988321236,-1.7530017737720127,1.0101825188153328,1.0261969594484903,0.031122027196964386,-0.014933112098332035,-0.02183333333333337,-0.020000000000000018,-0.0016412986242158776,0.05402617146692819,-0.33381014738750725,0.07741365929171984,0.037121257837483754,0.012009420934939173,0.2968051646234033,0.15485835203631218,0.237144014111364,0.09349334296820037,0.5263180445026908,0.3292639462222492,0.25833333333333336,0
Bearing1_1,C1,74.5,392.5,0.1595289079229122,0.3262145747735612,0.40477480163910234,1.4838333333333331,2.376,0.2997955375275017,1.78365731251722,4.543440336415448,5.819590000880783,0.3287875585756755,0.40538780807826613,1.3959666666666666,2.0526,0.9657517878694198,2.231141964179074,4.201597638504678,4.902663800925968,0.9921743273581866,0.9999899527844162,1.1281044095286363,1.5372007763640283,-2.280420443897409,-41.91375627804787,1.3160141555198637,1.6214142136902772,-0.004249490775069975,-0.009699052381043682,0.06433333333333291,0.10699999999999976,-0.031346846783617655,-1.578875142139505,0.2542566716617305,0.5303847117392779,0.015367548755580962,0.030603622844103576,0.6957429412001842,1.36918031355789,4.574286022353743,9.195809190496638,1.8156931466822948,2.4597575427312894,1.2416666666666667,0
Bearing1_1,C1,108.83333333333331,358.1666666666667,0.2330478229835831,0.32075077018561643,0.3703694994758475,1.1460000000000001,1.4495000000000002,0.04076496274910961,0.069836278945797,3.566975361657263,3.9149703732322294,0.31599338638933056,0.3657565175074681,1.214,1.4358333333333335,0.06122849602764168,0.10699908997916056,3.8413539585270366,3.9195613335409245,1.0256072395977687,1.0139391612997737,0.9751255069915193,1.0526761722627032,-0.31008218205802374,-1.641066787077488,1.0331796437839942,1.090762168533237,0.0024631567846113422,0.0023934233143655947,-0.0476666666666663,0.04800000000000049,-0.08304666907952092,0.03259152741247139,-0.18097445563489067,0.11029660491365112,0.009156981059728347,0.008804680119167732,0.11983177864160804,0.30550513098387033,0.10891510181061682,0.26461633823200903,0.3589628438587492,0.775007665162365,1.8138888888888887,0
Bearing1_1,C1,142.66666666666666,324.3333333333333,0.3054960742326909,0.3320204925242101,0.35958995862661397,1.2708333333333333,1.6786666666666665,0.1499748681957487,0.45692490968230265,3.8264395126887134,4.650485709880825,0.3264341433040548,0.3566350404337428,1.2306333333333335,1.6090666666666666,0.06292927943861548,0.6943353646182829,3.7665652820857485,4.478002063771397,1.0616424104939435,1.0098659655994322,1.0964912280701755,1.2372552391715599,-1.1407966853843874,-10.737174213563051,1.108333815584284,1.2956864022075556,0.012425233868637475,-0.0033851635730797747,0.055333333333333456,-0.058666666666666645,0.015374742962194932,-0.6580438851740016,0.030346272704685262,-0.09575712196206965,0.009788968431140471,0.010638566639346335,0.12680326421701374,0.7187238658916946,0.11301335606329922,2.5753726038903304,0.3356464359049876,1.830811106602367,2.3777777777777778,0
Bearing1_1,C1,156.66666666666666,310.3333333333333,0.3354746609564596,0.3438613631932046,0.3494547068896295,1.3516666666666666,1.4811666666666667,0.04864138009667163,0.17048204764451635,3.9339615248503144,4.232535695966349,0.3400108271718056,0.3564732272847396,1.3151000000000002,1.5255666666666667,0.11606124471622668,0.309557887229855,3.8666097215602657,4.2658115599705875,1.0995038400214048,0.9881459934682151,1.1662352602818522,1.091688573323834,-0.3699948254955563,-4.00611874523729,1.1394777240671414,1.1792400386200148,0.008052854803285048,-0.003965786642531499,0.010666666666666602,0.12583333333333346,-0.09151982364757485,-0.03675275329919167,-0.05892827108052856,0.39857187946516026,0.010813196220690078,0.011311147877581076,0.16771987113163386,0.3584081360042299,0.19939153434870138,0.7440456024608926,0.4707395822807074,0.9031025676630685,2.611111111111111,0
Bearing1_1,C1,180.66666666666663,286.3333333333333,0.3868665239114918,0.33556841311214974,0.338033247953711,1.4096666666666666,1.447,0.18365346474188685,0.4017283728235163,4.201048006590325,4.270835043811518,0.3384794150565443,0.33538775376963004,1.344,1.3697333333333332,0.12052162378480376,0.181120575194344,3.96800592797845,4.078103587779911,1.0729869601528674,1.0078878675632803,1.2162784009203338,1.103176620076239,-1.3969758157309846,-9.440123385998819,1.2168397151338404,1.1899107399858888,-0.0016241830738051855,-0.0009571086221026315,0.021333333333333204,0.12616666666666654,-0.09440285942250451,0.2286300628349814,0.08329166076566263,0.38304714308680055,0.014025488541813774,0.007559330627377077,0.1467317514941806,0.2418336466327243,0.14849823211535687,0.2985099816155731,0.37297434219982406,0.674751681869771,3.0111111111111106,0
Bearing1_1,C1,215.83333333333331,251.16666666666663,0.4621698786581013,0.3899605154158687,0.3414166639874505,1.526,1.3215000000000001,0.2718765585558744,0.06490858587609633,3.9078159153523444,3.874152165739023,0.3855081926889646,0.3403410646415717,1.5633666666666668,1.4558333333333333,0.3264411601943949,0.314229231912055,4.046776956349782,4.269269156662194,1.246906835286306,1.0193811902210899,1.3166522864538397,1.007496823379924,-2.068052338138662,-1.5252720517956424,1.1319046099385712,1.0793896797845748,-0.0037453716644911816,0.004389011941563936,-0.09450000000000003,0.03000000000000025,0.04708907524730657,-0.04454788592245379,-0.21414671827466236,0.048760708797196184,0.014491363636443736,0.0074293977452840766,0.2110931291998886,0.3571540847167897,0.2705730259018275,0.5646021962844957,0.43698459753627367,0.9954565365077779,3.597222222222222,0
Bearing1_1,C1,220.33333333333331,246.66666666666663,0.4718058529621698,0.39896883334212596,1.059067359048087,1.9088333333333336,17.582333333333334,1.1219086921669315,118.91204111535434,4.7527344356644265,14.93367845538127,0.3927993235210535,0.5544477501714856,1.6708,5.544899999999999,0.5261099739664123,26.57596701962094,4.24324923415101,6.593547121324557,1.2757111186756218,3.1620991558585083,1.6469657750934719,13.404574332909787,-8.53389459664315,-2794.286926562331,1.3766364982566761,4.16071896930381,0.006203210626385014,0.7196242050805335,0.27933333333333366,16.229333333333333,0.6878993501585524,118.78441433480809,0.6188177144607119,10.94631789568453,0.015003730094634621,0.4885938875867792,0.41745471775907556,8.987407674841123,1.0305773607539679,56.35273384192796,0.9693961939805503,5.1436080337869035,3.672222222222222,0
Bearing1_1,C1,233.33333333333331,233.66666666666663,0.4996431120628122,0.43684251612747377,0.3802153620540749,1.7988333333333333,1.5594999999999999,0.41999319023393955,0.4023098075662817,4.112282241959886,4.0904318013417695,0.43456598560263876,0.3595725524809758,1.8197333333333332,1.4719333333333333,0.3769204209433638,0.28981689516976317,4.188902314129921,4.086368053718675,1.3968130048297958,1.1352239922456508,1.5520563704342827,1.1889453621346888,-3.1947141882300674,-9.45378638837536,1.191128581250796,1.1396480270641893,0.015139981236668765,0.03146006674818591,-0.012666666666666604,0.18333333333333335,0.004237196330467652,0.18527658961045565,-0.15665022963397046,0.14181483010063145,0.020197358765383536,0.018690628622412744,0.18693257743300604,0.22406602064838702,0.21505088899419492,0.23360714839440966,0.4037231332369334,0.5242545271026948,3.8888888888888884,0
Bearing1_1,C1,257.1666666666667,209.83333333333331,0.5506780870806567,0.5394214543823742,0.4562367995771242,2.3866666666666667,1.7785,0.6480215776955032,0.16214338609690768,4.40811625861491,3.8973224249652585,0.5396939993346856,0.4570292441844178,2.3020333333333336,1.9006333333333336,0.6204626104159416,0.255380593418579,4.250931698656781,4.148112215784647,1.7248112872457553,1.3622041945576642,2.0592464768478576,1.3559085133418045,-4.929231655851169,-3.8101704398431595,1.2768173379583323,1.085845218342896,0.021445562435427057,0.0012270898671122854,0.10433333333333339,-0.01616666666666644,-0.12795037718779967,-0.037876919004057985,0.02745630453628589,-0.04704898285836778,0.036590059041112365,0.019022838879671676,0.37237092031850494,0.3146071971614109,0.3984101700652273,0.19972810077128494,0.5138873211550368,0.5842280423411773,4.286111111111111,0
Bearing1_1,C1,258.3333333333333,208.66666666666663,0.5531763026409707,0.5341975457643898,0.45651131981933823,2.4803333333333333,1.9124999999999999,0.7711493582024915,0.23741156812324873,4.62163400995374,4.181598334335382,0.5410297399105369,0.45900094396142505,2.3993666666666664,1.9053000000000002,0.6929692916435003,0.24829704020096763,4.421974638444058,4.14461924694147,1.7081077311030795,1.3630238404647492,2.1400632729364397,1.4580686149936468,-5.865813668363919,-5.57888027822101,1.3386630677161397,1.1650482206149952,0.018836686271588965,0.01234591752021763,0.4365000000000001,0.04249999999999998,0.39166759050975447,0.00596976514205394,0.6630356041883472,-0.0036488256417710474,0.035347821990084814,0.019613432576007818,0.38219127575648204,0.2898399260947885,0.3852167074490654,0.18131645454238182,0.551007898220158,0.5529232579668469,4.305555555555555,0
Bearing1_1,C1,277.5,189.5,0.5942184154175589,0.5998004322691163,0.5003468577587403,2.7249999999999996,2.1961666666666666,0.8408639587970224,0.4927700322342156,4.518842134716029,4.394298274582744,0.6073946716870325,0.5032114686681904,2.9714,2.2483,1.2232687881071742,0.5210691470891765,4.856788463544855,4.463240319365877,1.9178743212154652,1.4939053338188402,2.351164797238999,1.6743329097839899,-6.396103751215224,-11.57949057100132,1.3088892503291183,1.2243092177498365,0.03080792007876132,0.005683634995375886,0.4651666666666663,0.028000000000000025,0.45640706553968474,0.05973011551822027,0.5473008847671776,0.026715216772536188,0.03762955038145981,0.017356046278606277,0.8224677585128194,0.35926785224284224,1.1776003294655562,0.4122878054797363,1.1642846656399528,0.6587213159236465,4.625,0
Bearing1_1,C1,278.3333333333333,188.66666666666663,0.5960028551034975,0.6409677477839583,0.505066025169017,3.4256666666666664,2.354,1.5591255995228088,0.5929303563602147,5.335230511935285,4.6516925156134805,0.6062239465941357,0.5028169073601663,2.968933333333333,2.2266666666666666,1.208489710492381,0.5139324534883316,4.8621001802600174,4.424924625180823,2.0495076663276035,1.5079955379563783,2.955708944492379,1.794663278271919,-11.859622464958997,-13.933135177892071,1.5453573408664454,1.2960226341358865,-0.0017220210398598557,-0.00935115917417162,0.1716666666666664,-0.12616666666666676,0.11060620553315537,-0.059938669383718945,0.2918451183078341,-0.1707638028638483,0.03534577030182249,0.019315745482444333,0.7647536422491437,0.32152152642402543,1.1182933954559042,0.4016912403627149,1.0662770339957326,0.5858193791694635,4.638888888888888,0
Bearing1_1,C1,281.3333333333333,185.66666666666663,0.6024268379728765,0.5851125946841766,0.4995190939802762,2.8089999999999997,2.1305,1.0056717031369284,0.4475305376445104,4.7909144837280415,4.2625405000578365,0.595987997518135,0.5008130595009476,2.8532333333333333,2.2558000000000002,1.0559190805074734,0.5530323046940603,4.756491574632757,4.502139945268892,1.8709096559320961,1.4914338468801016,2.4236410698878346,1.6242693773824652,-7.6497279799309785,-10.516418008201137,1.3876954051619634,1.1875997711485207,-0.008662789249038738,-0.016829827861855218,-0.2693333333333334,-0.1373333333333333,-0.7945963790829318,-0.1843546887186696,-0.3097522605535179,-0.12288429748235874,0.037231888594142885,0.01851639842792307,0.5846970145729947,0.346853979015137,0.8824761251428236,0.4230004098720477,0.7411172814508381,0.6615967412384176,4.688888888888888,0
Bearing1_1,C1,287.6666666666667,179.33333333333334,0.6159885795860099,0.6084948040190442,0.4952329939983979,2.6458333333333335,2.1956666666666664,0.8721641410211389,0.5985219884325358,4.333673249907879,4.420943502453502,0.5978675077343802,0.4879614516552357,2.7360333333333333,2.2188666666666665,0.8420220582216374,0.5744937871670454,4.562155549845539,4.5346962490019935,1.9456747551951565,1.478636669232398,2.282858786310038,1.673951715374841,-6.634191269229204,-14.064531664330953,1.2552548113300566,1.2317329282157155,0.0247854076250954,-0.0025668655357654613,0.1355000000000004,-0.39433333333333387,0.42987040214666195,-0.46558714535445833,0.041634595192395096,-0.7585716041664172,0.03532051583816775,0.020320832324814214,0.5307762359447493,0.37052383545959694,0.74205376268992,0.48350891071720814,0.6992540530752982,0.6386052493173304,4.794444444444445,0
Bearing1_1,C1,288.1666666666667,178.83333333333334,0.6170592433975731,0.5914149513327261,0.4932811406388149,2.4655,2.3836666666666666,0.7104555984788637,0.622070687379871,4.142753768792399,4.836243385390449,0.5974293215484849,0.48859472298627876,2.7203333333333335,2.3010666666666664,0.8285471539440913,0.6386189250864714,4.5368054283264945,4.697682833176661,1.891061572018031,1.4728089437265866,2.1272648835202763,1.8172808132147396,-5.404141384539276,-14.617897168689405,1.1999547036784382,1.3474409305038422,0.004055531956053127,0.009459636789965364,-0.05466666666666642,0.31499999999999995,0.2610209813569165,0.1779309368648106,-0.15506921624294367,0.5636198610654635,0.035319221384307466,0.020024978425742367,0.5450354201291879,0.3925911212772902,0.7515276726248353,0.48376890342202133,0.7180504845979597,0.6944814914298624,4.802777777777778,0
Bearing1_1,C1,343.8333333333333,123.16666666666669,0.7362598144182727,0.8413622106851141,0.5184108906023029,4.395166666666667,2.582333333333333,2.1335719466647234,1.2551971680489213,5.213307199522338,4.929155668857963,0.8261063772340204,0.49981558123419734,4.218666666666667,2.387866666666667,1.8939796199410104,0.908529072390019,5.081634928647629,4.76482467568174,2.690273117359242,1.5478398286533999,3.792205924647686,1.9687420584498094,-16.229197825380894,-29.495591901704195,1.510042074649062,1.3733275130668487,0.04386693594385893,0.02371462833013338,0.7786666666666675,0.2178333333333331,1.0248806506546522,0.5765225684446568,0.6795308350266378,0.15223228568063707,0.08049440759214448,0.026813366632577423,0.7867055416071452,0.6177224984226206,0.8520740988384654,0.9271881760922279,0.6372468904877319,1.172363156095338,5.730555555555555,0
Bearing1_1,C1,354.0,113.0,0.7580299785867237,0.8407710224870805,0.44562325550597387,3.829333333333333,2.3091666666666666,1.3428151273299418,0.9564088358747256,4.559901349724188,5.1345120473921435,0.8254864877052264,0.4784235123901215,4.1879,2.1893666666666665,1.8964735674866025,0.5840539708594058,5.0655773724863336,4.56438324093154,2.6883827808356004,1.33051491770353,3.303997699165948,1.7604828462515885,-10.21423832386762,-22.47443304703617,1.320782112161635,1.4305424974518117,0.023557251858258743,-0.024117849832455407,-0.1033333333333335,0.25116666666666676,-0.22179426229433075,0.6510789148939256,-0.2321300954252612,0.7643222519884336,0.07214190834456559,0.03711772348443954,0.899145201345944,0.5223708870890247,1.4357221555832267,0.6454395575225106,0.9273627088994861,0.9782319756145084,5.9,0
Bearing1_1,C1,366.5,100.5,0.784796573875803,0.9234697730828447,0.38249891105074796,5.1194999999999995,1.5810000000000002,2.6335812029116106,0.22077030863037886,5.5521460976960455,4.128164424765884,0.9052349977160669,0.38144874389564637,4.5835333333333335,1.5326,2.057183644516873,0.2352725091994753,5.053665770109546,4.014529783055291,2.9528137509237578,1.1420420744885325,4.417169974115617,1.2053367217280815,-20.032561075838686,-5.187831117797059,1.6081872583468322,1.150160831562517,-0.0014963440714491627,0.012953390406752419,-0.07066666666666777,0.07033333333333358,-1.2172626398959228,-0.027915846044412607,0.010973413953911937,0.038425791469327564,0.06602074377342348,0.012786966218861601,0.9932301095791971,0.16244799698411677,1.290665285284723,0.19228065734972927,0.9887396141247974,0.3673565219463685,6.108333333333333,0
Bearing1_1,C1,370.5,96.5,0.7933618843683083,0.9435691076066403,0.39092230038635517,4.854500000000001,1.6739999999999997,2.075418856537548,0.3148395297551877,5.183313199464248,4.281415252398004,0.9388603986570847,0.3942602753620624,4.886766666666666,1.7751,2.3812879486638794,0.4332766424563729,5.170236171388138,4.4751972718545225,3.0170817898961126,1.1671921200262703,4.188524590163936,1.276238881829733,-15.786851362536517,-7.398342284836588,1.5013542685518322,1.1928585250675423,0.06529616369009172,0.010631859468445692,0.44466666666666743,0.15349999999999953,0.01290782663830825,0.09836762215999037,0.17713411889797115,0.2807928064776144,0.09429973397478922,0.018465572523314308,1.3403436173771517,0.47449227674396255,1.8649273527091985,0.5466866953826777,1.13547869839181,1.0095709700660398,6.175,0
Bearing1_1,C1,386.0,81.0,0.8265524625267666,0.9850336737966168,0.39193895245428406,5.722333333333332,2.1765,3.2041735295565847,1.399661130653023,5.7137466839084015,5.452381953825696,0.9825205889419876,0.3880665728372652,5.5983,1.8856,3.1395196644821683,0.8055903534040685,5.6159610021858,4.797225950025301,3.1496656002065633,1.1702275781756832,4.937302272073627,1.6593392630241424,-24.37282049912254,-32.890317602127034,1.6549951050992677,1.519105228557913,0.09208798757388426,0.015789327468832548,1.3499999999999996,-0.01966666666666672,1.2689749552755518,0.38605628658083546,0.8189380359410503,-0.32750054531756323,0.10509901780216407,0.022820094259937102,1.7963164445513218,0.7125740421298377,2.768072877166346,1.3716197208855594,1.2105763088355572,1.4809083440556714,6.433333333333334,0
Bearing1_1,C1,432.0,35.0,0.925053533190578,1.2109390291716056,0.6456720163848972,6.372500000000001,2.5616666666666665,1.4938463197386909,0.03767868581050515,5.205675284117996,3.963164726505864,1.2131903652046891,0.6538803668398201,6.6711,2.627333333333333,2.5361333001975925,0.13759663224239946,5.442882521684739,4.012594849138037,3.872002658984061,1.927808387756611,5.4982743744607445,1.9529860228716647,-11.363070029888327,-0.8854028421580038,1.5078314791614655,1.104189748380899,0.09244044832478182,-0.015459785681223082,0.1478333333333337,0.09016666666666628,-1.0635297732995934,0.012410321858115466,-0.30994479902030836,0.22917869733059382,0.11111409633402591,0.018468075596380213,1.8649590612128655,0.4870044489872202,2.1007806755738416,0.28286049085862736,1.114009131754217,0.6900635528987642,7.2,1
Bearing1_1,C1,437.1666666666667,29.83333333333333,0.9361170592433976,1.2754709589450375,0.6434757376324634,6.756333333333335,2.5563333333333333,2.0933120598731745,0.11355813268504818,5.294630577979373,3.9736811890066623,1.389058314394464,0.6613291660403295,7.857933333333333,2.8863,3.523650439714945,0.3024220589529751,5.564816109958574,4.345283131297626,4.078344842737964,1.9212508717216126,5.829450675870005,1.948919949174079,-15.922957546871007,-2.668476653754856,1.5335975104641593,1.1071197729657845,0.07318876186073386,-0.00047246970942727007,0.7813333333333334,0.06066666666666665,0.6017658131225947,0.06761472992394482,0.386510269587502,0.10209189438311661,0.18973998529874245,0.02448237217977833,2.705067873880211,0.6556644510828734,4.088697220034855,0.44675726713251585,1.2603075223808196,0.8360747121822196,7.286111111111111,1
Bearing1_1,C1,455.8333333333333,11.166666666666666,0.9760885082084224,1.5214801584594821,0.6181634343818604,7.143833333333334,2.6571666666666665,2.0808712588134406,0.34299373334459254,4.659674200588308,4.286783941388392,1.5113719168782422,0.6083823514408172,8.037433333333333,3.1720333333333333,3.0632031764475665,0.9036563824472758,5.234897452000015,5.198154098952309,4.864964360077415,1.8456749302503281,6.163790624101239,2.0257941550190597,-15.828325527631979,-8.05993149211738,1.3496814647120294,1.194354312337192,0.04499890799743289,0.016917727600285093,-1.1865000000000014,-0.08616666666666717,-1.1967447442645796,-0.1201773775129027,-0.8963408578918015,-0.26396295720391283,0.1848105357854279,0.025876881326902322,2.4269809780498957,0.9101781744226868,2.16776380397492,0.91221242232354,1.0594885785291381,1.3897019589439332,7.597222222222222,1
Bearing1_1,C1,459.8333333333333,7.166666666666667,0.984653818700928,2.479908094838026,1.433491476096078,17.705333333333336,13.862333333333332,6.2693184824134995,12.657848346785185,7.111793437307354,9.616891634617062,1.9057230737584625,0.9506280380105685,11.6347,7.457833333333334,4.46780625761507,5.769000307174732,5.911162964120223,6.954976897997608,7.929557563123335,4.280031999634087,15.276387690537824,10.56848792884371,-47.68810821704815,-297.443890644506,2.0599413971866336,2.679392325838635,0.8931412189929335,0.822193396846172,8.84066666666667,10.828333333333331,2.5268848178727503,11.854811072913611,1.6356525964813162,4.681275006453432,0.4555914800992383,0.3806487026575283,4.662157345456392,5.426248815954136,2.701373325056957,6.734150984446284,1.162348116016748,2.7492715096004403,7.663888888888889,1
Bearing1_1,C1,461.5,5.5,0.9882226980728052,3.2312974718578196,1.8316136281499003,27.472666666666665,12.0445,10.945537653496716,3.988965791310232,8.388259044982082,6.53161665580492,2.3497407347391386,1.3101004002189565,16.824566666666666,10.005433333333334,6.554164704432746,6.562061167565433,6.886419804204297,7.335635422544192,10.332140678925049,5.468721000557968,23.703767615760714,9.18259212198221,-83.25817001926869,-93.73579712040862,2.429671532139726,1.8197941921158376,1.5866311742064652,1.1741555184101182,18.877666666666663,8.1305,7.782192827016427,1.8807101424191797,3.1938142907405647,0.6583252969283837,0.6498110655057555,0.4392892030597562,7.49681167947222,4.827380203933943,3.748293958932513,6.332512167171632,1.3401928474477973,2.3942576585686637,7.691666666666666,1
Bearing1_2,C1,13.5,131.5,0.093103448275862,0.3458639061058028,0.5719904997108154,1.5326666666666668,3.061166666666667,0.5860653174331734,5.913816985894329,4.412244008865702,4.975530625263371,0.356616263323767,0.5908147148052145,2.1226333333333334,5.122333333333333,3.5747856589131772,20.869739518195487,5.771981307914271,7.803949777882626,1.0115619478331142,1.3595913843178098,1.0029884606155794,1.7740751473002998,14.043036610021028,44.07549031893955,1.1739531642628855,1.2778968832208235,0.0035757627360730737,0.049240351498672785,0.22550000000000003,1.0511666666666666,0.4946453880045531,5.92281970258284,0.6017041974119688,1.1373811696264489,0.023500660383097925,0.09768709245424145,1.392535828384079,4.682678745107875,8.49774972152577,37.34386301247965,3.2760716849760527,5.705881048166417,0.225,0
Bearing1_2,C1,40.0,105.0,0.2758620689655172,0.38823456477913815,0.8129152413175152,4.393833333333333,12.597500000000002,17.32038125903379,84.081070961083,11.019041306614293,14.625150247504905,0.35907251817697683,0.6852749218329908,3.1879666666666666,8.494466666666666,12.686996071446186,55.409736233742954,8.335391050275678,10.32792933616907,1.135485101599439,1.9322568448858957,2.8753571973910956,7.300782381918286,415.023276220177,626.6535535324567,2.931804855545337,3.7562694967702024,0.05664143734397287,0.23713958818363257,2.3089999999999997,7.255833333333334,13.819935582008434,56.57650948922061,4.791479831884378,6.359257166189792,0.0445271554825754,0.2333702712048773,2.2649901649072217,7.746724129606653,18.798630382712986,70.78939803639821,4.949494398064178,7.061906837134404,0.6666666666666666,0
Bearing1_2,C1,57.66666666666666,87.33333333333333,0.3977011494252873,0.30642270324996773,0.46449605262811117,1.3995000000000004,1.8498333333333346,0.4257466774829283,0.24228747583851254,4.559632433911575,3.976602090493852,0.31570260730681615,0.5315668024363602,2.0193666666666665,4.5643,5.648319458195758,25.31668120772808,6.119616075134853,7.361497073752864,0.9718503734149379,1.104082727811206,0.9158432039787975,1.0720564087704056,10.20155262671607,1.8057608683515451,1.2131683816467507,1.021335773002606,-0.012962090937362003,-0.06809700723858475,-0.35949999999999993,-2.5618333333333334,-2.405487853658845,-22.69105660709597,-0.8476094849317093,-2.9974737219878165,0.02815594638630528,0.13411076331904706,1.4399927079157675,4.88344338768146,13.871170756643474,53.743283098439534,3.54802434337891,5.497011802848512,0.9611111111111109,0
Bearing1_2,C1,80.66666666666667,64.33333333333333,0.5563218390804597,0.346631509977184,0.6961413191817504,3.6285000000000007,10.429166666666669,23.91045624118566,89.11157842955352,9.651189150156412,11.770297923255008,0.3374262686490784,0.6465875999988657,3.3482333333333334,9.626466666666666,21.49746832383305,70.18428231034449,9.185904842425563,12.499137976395195,1.1337549934882833,1.654691363415395,2.374517374517375,6.044141794648896,572.9317234261403,664.1457660501552,2.5678643381825275,3.0230397848092685,0.03343856625242708,0.1807555756495245,1.7408333333333335,5.949500000000001,16.680203033509798,58.781389796595676,3.9927418568542024,4.940555455451057,0.05164058477853387,0.23861847793262364,2.40412360809267,8.190364973272096,31.161585271458016,84.50638010257977,5.347486018880467,7.346976242487996,1.3444444444444446,0
Bearing1_2,C1,98.66666666666669,46.333333333333336,0.6804597701149425,0.3143658494059564,0.5848774053594599,3.1015,8.042166666666668,15.02973225825994,67.5756925599991,9.31802965761271,11.678371483176695,0.3258254057759899,0.5972004711133102,3.1109333333333336,8.083433333333334,19.70738315958939,66.1196759279448,8.737274016649224,10.697632126632767,1.0282211549943878,1.3902228823921166,2.029644656763301,4.6607746546894635,360.13576313637606,503.6394921128011,2.4792215433393556,2.9994297379400576,0.004700245302033057,0.07291738155333016,0.9709999999999996,2.698500000000001,9.500033676927693,33.31971978185181,2.674020536060051,2.550366919192175,0.050123362529954966,0.24508528277945393,2.626122169773281,8.529540359056975,38.88361228153465,90.93625319028956,5.876178150197081,7.84094768965355,1.6444444444444448,0
Bearing1_2,C1,100.0,45.0,0.6896551724137931,0.30191888752245355,0.4376827068606601,1.3093333333333337,2.1840000000000015,0.3478332804397806,1.6872723273649886,4.339713546609907,4.878813812375339,0.31177083889974383,0.5216571574699004,2.3050333333333333,5.347033333333333,9.324586281887974,35.74798282211962,6.920738300298946,8.14122798010948,0.987509895968604,1.0403488128098348,0.8568374670069587,1.2657200811359037,8.334626441969116,12.57518710970793,1.1546551912814387,1.2530564947169087,-0.0540596129426269,-0.304659743723052,-3.365666666666667,-11.193,-45.046832637100295,-120.25329702049216,-7.65607867818016,-10.47201726955225,0.03564863801050797,0.18892923176498844,1.9465564197840015,6.564049320473559,19.913215625413063,69.62324412626809,4.756431713249027,6.613728133841624,1.6666666666666667,0
Bearing1_2,C1,128.83333333333334,16.166666666666668,0.8885057471264368,0.3830082088760794,0.45575165169751714,2.614333333333334,3.6588333333333356,5.1987110492545545,11.222271326903615,6.785855024468565,7.483040859205257,0.37224048912413626,0.4749877437232125,2.537933333333333,3.9082,4.495035474212717,16.196096717919275,6.746041456720279,7.284990711843108,1.2540484316856542,1.0832977459412851,1.7108391684662876,2.12044817927171,124.56920315529007,83.6392320569339,1.805493069330959,1.9219165373916864,0.007950089767712276,-0.08442838104887945,-0.12699999999999934,-3.350666666666667,-0.21905961344247693,-35.34342560286845,-0.33197557167037495,-3.423435999203404,0.023112145223932085,0.09693408580618225,0.748604031115455,4.311126618094334,3.3966707094948094,45.517430225906764,1.603093367243382,5.120568404601584,2.1472222222222226,0
Bearing1_2,C1,130.5,14.5,0.9,0.3766501233870876,0.43285226642999647,2.339833333333334,2.098333333333336,3.0275840296734073,1.2156058977734938,6.201721013859294,4.784097924532246,0.3775294657059452,0.46476556274284536,2.4896000000000003,3.456166666666667,4.121384884261615,11.835258863601922,6.542069929923006,6.616245663465418,1.2332307391369985,1.0288671095379955,1.5312043278144976,1.2160726359509337,72.54562265317232,9.059872178452094,1.650074201124571,1.2287300164008852,0.0038611980110526134,-0.04669770201538814,-0.34600000000000053,-1.9869999999999997,-2.191829602568663,-21.20088010315737,-0.9308761572712863,-2.786937285966083,0.021682305793373307,0.09130973272727,0.6437627856112388,3.98339090589858,3.09404227958374,40.23340771233911,1.3385688727864198,4.64128165538991,2.175,1
Bearing1_2,C1,131.33333333333334,13.666666666666666,0.9057471264367816,0.38006662940025593,0.47522888655919454,2.7095000000000007,3.839166666666669,4.573717207480052,22.335161836480342,6.992709351743133,6.660480577086854,0.37799949496718,0.4521279704617586,2.4795666666666665,2.9890333333333334,3.930899811838611,8.288514884671102,6.513198981442158,6.11199843636982,1.2444170894771933,1.1295941105166745,1.7731169426084685,2.224958949096882,109.5933785500782,166.46325235356682,1.8605302095157508,1.7106531968661303,0.003948760406972285,-0.0662803747099397,-0.06916666666666682,-2.588333333333333,-0.995283668515663,-18.036119941975844,-0.22194327212305698,-3.069373306481899,0.02101320769169094,0.060449192344954106,0.6064135770551252,2.849030113048576,2.634280953405151,26.54577953525671,1.2267216265486494,4.092501573334853,2.188888888888889,1
Bearing1_2,C1,133.33333333333334,11.666666666666666,0.9195402298850576,0.38726252305039693,0.43451613166131353,2.3976666666666673,2.375666666666669,4.0133491784157265,0.6843893289860191,6.1852805717339345,5.455936182953803,0.38287911018592685,0.448663002249002,2.5422333333333333,2.880866666666667,3.9859042428989144,7.819924523032146,6.5983535631063095,5.933951581527727,1.2679779399691884,1.0328220298282946,1.5690508910847898,1.3767989954602544,96.16608894061764,5.100731949611912,1.6456999396340084,1.4012824698228692,0.014400059731883297,-0.003950505421288886,0.03166666666666629,-0.2871666666666668,-0.3753670481259457,-2.7827283871631243,-0.13232251825469277,-0.5029834467369945,0.02043421402465727,0.05963482992866001,0.578322525653438,2.8412847959953136,2.288689000911845,26.591472236652564,1.151617652101263,4.084102007619533,2.2222222222222223,1
Bearing1_2,C1,137.16666666666666,7.833333333333333,0.9459770114942528,0.39592608197907114,0.46100673049537927,2.2975000000000008,2.446166666666669,2.73625395616432,1.1612489204587797,5.806729473422703,5.286297155454894,0.3870334933140231,0.44273337502879034,2.4131,2.4793666666666665,3.486431870733631,2.0646227174755847,6.2296573174653815,5.488086526595186,1.296344231436417,1.0957887923154763,1.5035010797722668,1.417656717859559,65.56490093804587,8.654751351562119,1.5449799298601365,1.357713009429488,0.001567641523484098,-0.031288214680560644,-0.847833333333333,-2.5795,-3.402206274409148,-25.29251764129486,-2.0899274845345452,-3.7344390319063203,0.012822052306198017,0.026491147120227175,0.34244137177546013,1.2447477097466968,1.2058236048314719,4.929455428567183,0.8183998129317714,2.3271590492706076,2.286111111111111,1
Bearing1_6,C1,17.666666666666668,390.1666666666667,0.043318348998774,0.43916916235284575,0.5318307741989562,1.8556666666666668,2.1125,0.4859354478737479,0.1021721802707982,4.222451771299915,3.9708864392171868,0.44498676658484276,0.5317524518921615,2.0347333333333335,2.0511,0.6474645200689023,0.06399334042207504,4.549594901904765,3.857826885315131,1.0018603633632401,1.129427411899722,0.9719817683924207,1.2649700598802394,1.1733058775064713,-0.7600604536979417,0.9785554078638914,1.1364112314832382,0.0030554458407839324,0.006570680943678631,-0.13666666666666627,0.16266666666666652,-0.14683371713115473,0.0779993179452408,-0.3264073875482545,0.2618744622552156,0.02526203514160532,0.013577709686519503,0.42629647553958405,0.19994298325203647,0.6591769643303668,0.11884524377687147,0.770372751378881,0.3709450533910745,0.29444444444444445,0
Bearing1_6,C1,74.0,333.8333333333333,0.1814466693910911,0.39810061754643816,0.44198346172065034,2.1568333333333336,1.6633333333333333,1.2261261241811037,0.09645677736295903,5.4084676281041695,3.763085571314621,0.39455963730929766,0.4459998571919654,2.0011666666666668,1.7944,1.1597796889244945,0.16649979232770276,5.052608645434386,4.019587119648054,1.0164763523937292,0.9923897770607105,1.179284829044252,0.9960079840319361,2.9605187157280404,-0.717543481703361,1.260508950890104,1.0769415780919431,-0.006108650853208164,-0.010842447376493092,0.22883333333333367,-0.07049999999999979,0.3481287842397035,-0.038131460156900124,0.660129155590913,-0.06626972441531143,0.018379452445587308,0.010456699606273405,0.37336975140518225,0.2320963830706612,0.7559575711287335,0.18759784069822819,0.7845134748571135,0.47971807454696525,1.2333333333333334,0
Bearing1_6,C1,92.0,315.8333333333333,0.2255823457294646,0.37349251371965725,0.41743016688973783,1.6948333333333334,1.6286666666666667,0.7031274701133889,0.07485085112888486,4.523232015863302,3.9009388754354646,0.38670755937370127,0.4259469252777441,1.8939333333333335,1.7517333333333334,0.9936214088066795,0.17462449200777155,4.873057938895797,4.1123257250638465,0.966730309038751,0.9800051182845074,0.9266785740322229,0.975249500998004,1.6977226027244587,-0.556816657116569,1.0541940592047057,1.1163932334082014,-0.02346870932270506,-0.026761310077736633,-0.4038333333333335,-0.5043333333333329,-1.162555543991327,-0.5414902071160308,-0.7285224001728627,-0.8836377498353851,0.0213454851381316,0.013129187450997113,0.4060487428981833,0.1803983969141521,0.8178149285226258,0.13880030291658324,0.8581078265667718,0.4020091063767709,1.5333333333333334,0
Bearing1_6,C1,117.0,290.8333333333333,0.2868818961994279,0.3539048715116377,0.40029183104068,1.5191666666666668,1.5826666666666667,0.6843080865047765,0.13119086660373336,4.2849074244752865,3.9547244719845422,0.36470785190818505,0.40532784592448484,1.7523000000000002,1.6174666666666666,1.088865854562804,0.15944221798260896,4.780149212476047,3.9893120810439124,0.9712765623270296,0.9875754529711164,0.8679464472757054,0.9836541051192277,1.6522826302020779,-0.9759309170811408,0.9986496238269678,1.1317859062901907,-0.008437748408005152,-0.01335247655325067,-0.2134999999999998,-0.10699999999999998,-0.13507369210835596,-0.009789813258013008,-0.46120745776309224,-0.11772919583678165,0.021040934581863256,0.01119870913072194,0.36563078701579854,0.1790243160778091,1.0120839512193747,0.16306526896621953,0.7959241257398731,0.41952599989660094,1.95,0
Bearing1_6,C1,124.33333333333331,283.5,0.3048630976706171,0.35015447196411803,0.40003758953345736,1.8105,1.6219999999999999,1.4299962400721855,0.21867501526942604,5.135526976960998,4.0544898870388435,0.35994675172201257,0.40343627119469644,1.7844666666666666,1.6219333333333334,1.135436718505699,0.20570135089223957,4.932397366631437,4.015999141734657,0.9728224159978677,0.9948793201719632,1.0541280130419595,1.0213033896526391,3.4527692940087165,-1.626726872986067,1.196896823114766,1.160337349378965,-0.024830321850146553,-0.0020539036227802954,0.012500000000000178,-0.0731666666666666,0.2149075997391532,-0.04931163212544046,0.3580593249808883,-0.14610504946037928,0.01944798753220192,0.010103934217896673,0.37306241812341684,0.21456193275720317,0.7294880609933991,0.17199876539282655,0.8668976628454642,0.48746765231918493,2.072222222222222,0
Bearing1_6,C1,183.16666666666663,224.66666666666663,0.4491213731099305,0.34271205708988967,0.37146496578472754,1.703,1.3739999999999999,1.469398653639429,0.07839457247868485,4.959299837750719,3.7010869929141017,0.3430094918301108,0.37893377701282976,1.7151666666666665,1.5011333333333332,1.3011983390489212,0.15208594536947515,4.984951267145685,3.956589430978484,1.0090601622694313,0.992660163057287,1.0409111283158796,0.9303690328405372,3.547907616657693,-0.5831784558935877,1.1558249518124362,1.0591984665956007,-0.0007182395644209638,-0.006199142757577103,-0.0321666666666669,-0.13766666666666683,-0.10426593407165075,-0.11861421576967744,-0.07033551454918019,-0.30241088422671725,0.019377355567907192,0.011261157457557349,0.32147666653496915,0.16384069919481153,0.9775093113747,0.15703130465024628,0.7973340932560695,0.35787527565914723,3.052777777777777,0
Bearing1_6,C1,184.33333333333331,223.5,0.4519820187985288,0.34102948157498375,0.378189058731847,1.9121666666666666,1.5220000000000002,1.7394916313683726,0.14095244723428815,5.584673906543565,4.005326795506677,0.3453963489346407,0.37818471893657807,1.7605666666666666,1.5097999999999998,1.428788976948183,0.16395014750860679,5.078449593260898,3.9842775861014412,1.004106091098086,1.0106288540944066,1.168758404303003,1.03058345559192,4.200055303411611,-1.0485474687021799,1.301575960336872,1.1462675716991464,0.009283582912013977,-0.004597054205220996,0.2054999999999998,0.026166666666666893,0.6379300177419367,0.03460195575062981,0.4350228812421255,0.10135586308051847,0.021235274611822338,0.012042245181701853,0.3454801439808902,0.2135471198911241,1.106590452187918,0.20810974874827953,0.8395269568812146,0.47649660477356465,3.072222222222222,0
Bearing1_6,C1,304.6666666666667,103.16666666666669,0.7470371883939517,0.34551429623080393,0.3743226204690602,1.5563333333333336,1.588,0.8655863956455807,0.30409854096837247,4.492226611033257,4.244401637328048,0.3398402417736918,0.36617063341250866,1.7452333333333334,1.5337333333333334,1.4393915109649298,0.2726177156298978,5.104977211806612,4.1813943563718405,1.0697412729445255,1.0272794527947944,1.0144927536231885,1.093839689573623,2.089984605865729,-2.2621938222782885,1.0469678737115808,1.2146873916989458,0.0035768014380811453,0.007184335605488756,-0.2661666666666662,0.009000000000000119,-1.2043048233390903,0.0483051951897161,-0.8177204418054353,-0.05900141163018269,0.023507035203139067,0.009361222619633305,0.4069675648630482,0.2203810075885455,1.0572217208978576,0.1857904929806693,0.9665069577623844,0.5339587676350935,5.077777777777778,0
Bearing1_6,C1,327.1666666666667,80.66666666666667,0.8022067838169187,0.35058011666311045,0.36874611748509967,1.8076666666666663,1.578666666666666,1.3865434852094654,0.22598691342003074,5.126417521364904,4.274210983858192,0.3494431100466317,0.4287185729068987,2.3667999999999996,3.7125,6.182725770315643,26.135423119488202,6.5384301861757335,6.921949718699527,1.0854254783649113,1.0119754700253507,1.178323881537492,1.08741074093633,3.34785129945335,-1.6811201981653099,1.1947737540485956,1.223218402776339,-0.026325937273494193,-0.07786039182931392,-0.8413333333333337,-2.22,-8.910943698480482,-29.367601893690992,-1.6133173314479219,-2.3672302080141607,0.02838025860432345,0.13035805573052375,1.6070453591006342,4.935707892141888,12.393402659268263,60.73416000100573,3.8398028367719355,6.103365281969182,5.452777777777778,0
Bearing1_6,C1,348.8333333333333,59.0,0.8553330608908868,0.40804726400545527,0.38927745126258645,2.0806666666666667,1.6774999999999995,2.0198192418406853,0.26705038787423735,5.114072622218412,4.303856140654332,0.38395150695010977,0.3845003513727247,1.8812666666666664,1.6607333333333332,1.43247074347204,0.33251093443294494,4.894317881015239,4.309442121611568,1.263348591883274,1.068321029109262,1.3562783825478566,1.1554887148990882,4.876914821344874,-1.9865920295518664,1.1918966256377443,1.2317024250866966,0.024323230938683715,0.016000713181736348,0.18566666666666687,0.24799999999999978,0.9952179972876742,0.10853963619021434,0.2106101986016169,0.4776265201022114,0.02226750838671045,0.010800829109970331,0.27164415533271685,0.3502774204317659,0.7829064380169306,0.36853888114968825,0.6131206251243009,0.841273205162328,5.813888888888888,0
Bearing1_6,C1,365.5,42.333333333333336,0.8961994278708623,0.3400643895680166,0.40336056642260426,1.7811666666666666,2.1478333333333333,1.2580063008784692,3.37789252789533,5.224102740331325,5.1799582521264265,0.3515828855583887,0.45936625381970053,2.478333333333333,4.162133333333333,8.629846646903143,29.703888421889584,6.6611045896812096,7.266974117180534,1.0636234644381326,1.106970295929152,1.1610499098276947,1.4794618051569353,3.037494369302262,-25.12819556644814,1.217540478626366,1.482430390905669,-0.00913315351898808,-0.026059556953657914,-0.9291666666666667,-1.3571666666666662,-7.918304420046365,-19.784844948911264,-2.034992960423682,-1.5683370180639589,0.04264966894274813,0.14914533069706867,1.798045631221302,5.302079726851063,18.622725459642723,64.11854082781164,3.6412835949021387,6.251000717617904,6.091666666666667,0
Bearing1_6,C1,381.1666666666667,26.666666666666668,0.9346138128320391,0.3417975055609381,0.40280508811214194,2.1069999999999998,2.3201666666666667,2.1810435491464375,3.6391584514461477,6.158241914738149,5.649450150793825,0.3271016650634503,0.3939288552139247,1.8011000000000001,2.0999666666666665,1.985162696964103,4.193399747231063,5.463651317081112,5.119741581647253,1.0690441520879213,1.105445858388893,1.3734437129261454,1.5981677496383717,5.2661958013319445,-27.071756875050283,1.4352529383623298,1.6167922959621135,-0.0013831942086919846,0.006279230254316315,0.2919999999999996,0.47083333333333344,0.39426941772822777,3.2648661101752916,0.8921383671749581,0.9807725229927433,0.021336564536428713,0.029472454787836534,0.5931602301407889,1.60563869520518,2.3678391785319843,13.531590541896048,1.6071668510085562,3.087875828466899,6.352777777777778,1
Bearing1_6,C1,391.6666666666667,16.166666666666668,0.9603596240294238,0.34065881072936127,0.39651461256463727,1.9081666666666666,1.8398333333333332,2.0551577500753835,0.5025420809208121,5.5543836581493045,4.6292579778746274,0.32414943489890935,0.38685449613209794,1.6641666666666668,1.6108,1.425314854740265,0.26135666857552026,5.100473833533183,4.15735666430478,1.0654826426242634,1.0881824713401433,1.243834604436912,1.2673065001262829,4.9622407213085555,-3.738418432636195,1.294516450721385,1.3248278035690195,0.0038331538563609047,-0.005009225159055941,-0.14266666666666672,-0.7901666666666667,-1.0945355579788187,-7.191702991669313,-0.4444088880317105,-1.6308650601903025,0.018340893179965206,0.008683316996276693,0.3965656082027012,0.25211059423216375,1.0949012601118262,0.2543440663086746,1.0044480415642332,0.5841103606841658,6.527777777777778,1
Bearing1_6,C1,393.8333333333333,14.0,0.9656722517368206,0.3152202936651389,0.3893225903237809,1.5268333333333333,2.0991666666666666,1.1459698058278815,1.2518969022556676,4.7981390985060495,5.396605213611681,0.3230980557979131,0.3934573542376467,1.6578666666666668,1.9919333333333333,1.44867059570135,3.064879466626133,5.0864563661903315,4.926247479642587,0.985918288107793,1.0684449073563884,0.9952632379462442,1.4459394301196244,2.7669788538911857,-9.31288071752584,1.1182644876812713,1.5444316704857255,-0.0094731294593845,0.005362186361648702,-0.2855000000000001,0.5153333333333332,-0.55180219119555,0.950904991834119,-0.7512857169908207,1.2699942726254978,0.02027062822313392,0.024289886610490596,0.4441232147558155,1.3769626477625658,1.3049931798994756,14.077266408277081,1.1058201906791267,2.580689159271179,6.563888888888888,1
Bearing1_6,C1,394.1666666666667,13.666666666666666,0.96648957907642,0.316317859830599,0.38884593714984766,1.446,1.8921666666666666,0.8143030445060345,0.6498333828557442,4.550909102095676,4.858798661947692,0.3245209335604384,0.39323392246887034,1.6647333333333334,2.002266666666667,1.4823198527261143,3.0728233358038546,5.084133509293165,4.956115526689609,0.9893511589498113,1.0671367950892818,0.9425721921647872,1.3033545335568157,1.9661593990948683,-4.834120741011242,1.0606445396974018,1.3905190832003758,-0.0025707095123849166,0.004266295516367535,-0.22016666666666662,0.33966666666666656,-0.4633678994975231,0.356652092286135,-0.6371474707433062,0.821387945158853,0.020160448375079666,0.024318830750026135,0.45029928234247024,1.3738837709544125,1.3065724263160399,14.075596854169046,1.1271426929088197,2.5723620205333764,6.569444444444445,1
Bearing1_6,C1,397.6666666666667,10.166666666666666,0.975071516142215,0.3172797686138597,0.3750447104545094,1.4335000000000002,1.5005,1.1241924730017703,0.18147888482125676,4.498850216375922,3.9988286661356014,0.31792031946525107,0.3857757459876277,1.5954333333333335,1.9814666666666665,1.4021173994419234,3.9746711960391305,4.980817879367829,4.926241417556522,0.9979851842987929,1.0292611342763767,0.9344240923016753,1.0335682960990058,2.714396823267378,-1.3500242743989292,1.0485115852387066,1.1444078994788607,-0.013760836134233956,-0.031878652184798684,-0.5546666666666662,-1.4133333333333333,-1.3376593508423136,-13.116119092138266,-1.4797636544338832,-2.592743456596561,0.01984451419973288,0.032498976987912286,0.4249063737304535,1.648611364113756,1.2705389187501646,19.062009980151053,1.1301502654278859,2.8591487625990983,6.627777777777778,1
Bearing1_6,C1,404.8333333333333,3.0,0.9926440539436044,0.8591580523257142,1.3748755909700574,4.658,7.6323333333333325,1.6008471956382568,1.683944655029734,5.413767375896835,5.504871963427244,0.532539405984944,0.7815841977846688,2.8764,5.0113666666666665,1.7101537948633594,8.542359648925908,5.338719748819188,6.19903610740297,2.702432023756257,3.7731661607380236,3.036307932990027,5.257272748145937,3.865294108200396,-12.526890735930897,1.2617441213652683,1.575416074691162,0.5190404093511213,0.9036974844253873,2.6575,2.8681666666666654,-3.8812634516829405,-26.687885611064246,-0.2354107804808434,-2.7120550097105385,0.23147743217988517,0.43076778678149424,1.3900662995847977,3.665441249096036,1.4006313983529908,24.933293321654986,1.1132778035453479,3.4708715787786337,6.747222222222222,1
Bearing1_6,C1,407.8333333333333,0.0,1.0,1.2465628627343632,1.8976551577748741,8.785833333333334,9.641333333333334,5.17822354707435,1.216531001306165,7.048947929794714,5.07568489599059,0.985685115458662,1.5152564484990656,6.237066666666666,8.055633333333335,3.304109902789589,1.7794446987783226,6.2109936130053205,5.3870872145926025,3.920991476201047,5.2078662775693045,5.727027790452601,6.641103942323147,12.50297781198969,-9.04979322492392,1.6428427737449651,1.4525888391838886,0.8336613446371715,1.3369485006175692,6.4190000000000005,4.978666666666667,2.8801144609629232,-19.677112653905485,1.3740370791219343,-2.5569852596568623,0.19517654643902244,0.2804064486119987,1.953590203972545,2.3848261048920856,1.5455239230722493,2.1809088048599543,0.9997720201206477,1.5096863664081137,6.797222222222222,1
Bearing2_5,C2,17.5,367.5,0.0454545454545454,0.7442430117840425,0.42387424500091236,2.624833333333333,1.7585,-0.07407862419249552,0.33843814333826566,3.5461095927720954,4.144823120620788,0.8102139260430996,0.40710088265542843,2.6999666666666666,1.6974333333333333,-0.23342903682183805,0.3178694206933329,3.3626862324500735,4.168240574887229,1.4079355659294264,1.8763800822271652,1.177090495978953,2.1384272395622212,0.3040539222594449,-9.481784561325599,1.0706431983975588,1.160460355099446,0.08956209090756495,0.050141453653814505,0.39349999999999996,0.16983333333333328,0.03942900280150019,0.04190036190420543,0.13763009061867626,-0.11416500913252214,0.10630446649842472,0.013249833279049418,0.2234632552273017,0.1547778571290855,0.19294860539036426,0.14574145385086784,0.3157893633145428,0.33872144927948744,0.2916666666666667,0
Bearing2_5,C2,21.0,364.0,0.0545454545454545,0.6201506113548453,0.43057133885759974,2.1999999999999997,1.72,-0.06427031542598238,0.14421737717306207,3.551150374122099,3.9972533816172704,0.8056469879973086,0.42617476342916,2.708766666666667,1.7412333333333334,-0.18726721712650607,0.25640333857897546,3.450423067988642,4.083851544083676,1.173181458387306,1.9060263597958036,0.9865765792699333,2.091609241994325,0.22109309035948116,-4.040437306700592,1.0721651136474402,1.119144036708444,-0.26926618705462424,0.022284143560361014,-0.6785000000000005,0.0818333333333332,0.29477433642560374,-0.1476812164030807,0.30037238637639696,-0.012203131342390261,0.27448351604597143,0.012057544897726084,0.5693970000607324,0.1535451597802888,0.2933487181116917,0.14658708769392892,0.3892332032337564,0.3166071587193927,0.35,0
Bearing2_5,C2,23.666666666666668,361.3333333333333,0.0614718614718614,0.6334683874349402,0.43699530231098516,2.2423333333333333,1.6283333333333332,-0.014563679620686347,0.2338969989710572,3.5403168592237364,3.721649073544695,0.7812510451179472,0.4317752826267129,2.5916333333333337,1.7550333333333334,-0.201735049129673,0.2564727275465497,3.4061279573115297,4.063535732177278,1.1983756090952882,1.934463560722842,1.005560704355885,1.9801378192136196,0.05009978421610841,-6.552928496500848,1.0688942533603492,1.0419808227653276,-0.17786886781922484,0.008079018933130067,-0.5348333333333333,-0.08966666666666678,0.1444901863142235,0.03388282479466376,0.10772536954595813,-0.2799056693022761,0.2813047486406722,0.011624070115633033,0.5766192482663621,0.20076070561626508,0.2876495721253084,0.17222297831159952,0.3372292582600063,0.43685919382914873,0.3944444444444445,0
Bearing2_5,C2,60.16666666666666,324.8333333333333,0.1562770562770562,0.40886789274413315,0.4100091199876985,1.8166666666666667,1.7794999999999999,0.6047970829484057,0.3353049307106956,4.4296497648253,4.327319793829196,0.4143036587809651,0.42119440120967777,1.7913333333333334,1.7154666666666667,0.5858126508428916,0.27133164844252866,4.302451418488281,4.071671117254629,0.9881814447330114,1.81500281121055,1.1088053385416665,2.16396432914471,-2.080532127829037,-9.394003536331171,1.3374020931728021,1.2115554556701496,-0.00018707124195388447,-0.025128443211150542,0.21799999999999997,0.10366666666666657,0.4778530209865759,0.02977953985851911,0.5207788316554471,0.4753092921111173,0.022946988732583478,0.013149967899205866,0.36645650194271095,0.218035386772561,0.8726356824297761,0.2294190770066281,0.6861850744872289,0.48544066739360786,1.0027777777777775,0
Bearing2_5,C2,65.83333333333333,319.1666666666667,0.170995670995671,0.4034158084784291,0.4034301577572923,1.6568333333333334,1.775166666666667,0.40510495537203606,0.3322949479736353,4.103211893539801,4.398345064859884,0.3980685383532244,0.4014009744594814,1.6777,1.7154666666666667,0.44683018289033427,0.2824793284141954,4.1968154492305585,4.272011169325557,1.0134330388111703,1.7858794713604669,1.0112508138020833,2.1586947709768953,-1.3935812499052183,-9.309674956920459,1.2388438062818479,1.2314409872942256,-0.002661392212432223,0.0003235709577605328,-0.13949999999999974,0.21916666666666695,-0.09231066933522453,0.18635589159892982,-0.31058550576924837,0.5410570248244251,0.02384913401598589,0.009443435981996947,0.2961591079831497,0.2351779565868591,0.492139960740973,0.20579173309411963,0.5465474719982694,0.5642472423336684,1.097222222222222,0
Bearing2_5,C2,82.83333333333333,302.1666666666667,0.2151515151515151,0.34748493974777356,0.3834127175994651,1.5508333333333333,1.7073333333333334,1.0349472764771288,0.4400207769756675,4.386509148254567,4.456316720301753,0.3958181998395146,0.3863940751307448,2.1690666666666667,1.7632666666666665,2.5547642200448593,0.48527033230903716,5.244335786541,4.566961697406239,0.8778902533755703,1.6972675152147465,0.9465535481770833,2.076205918119173,-3.560270246051297,-12.327754101937389,1.324377056439511,1.2476717903712211,-0.10058994862848414,-0.005806258821825228,-0.7336666666666667,-0.0674999999999999,-1.4994290671948847,0.053497235921331765,-0.6597230922086412,-0.09675545901222637,0.0926355293893842,0.008263389943858085,1.0500471231899733,0.2248998142213199,3.3493162621169685,0.22594003300238574,1.2885999789766123,0.6070629836221539,1.3805555555555555,0
Bearing2_5,C2,165.83333333333334,219.16666666666663,0.4307359307359307,0.28897092706810185,0.3658945244520617,1.0936666666666668,1.6535,0.19723286500253343,0.4209224708502111,3.7830086148187623,4.520273704471237,0.3129074075479737,0.36867098869952025,1.3843333333333334,1.6248333333333334,0.7382585163612095,0.4354609032398403,4.347207235778043,4.405187613869825,0.9912491717954903,1.6197190699245039,0.9693621295831243,2.0107417916497767,-0.6784908920212902,-11.792690227689537,1.1421678707253038,1.2655783553561446,-0.024446565965596634,-0.007889364036414603,-0.28949999999999987,0.056333333333333346,-0.3812852061785533,0.05107412722515725,-0.5921637738085832,0.2464890805815836,0.040077640396398,0.006987060482560872,0.4513867775960007,0.1851750492117593,1.333008202500373,0.2368543688886195,0.7929301187650653,0.4736360458857118,2.763888888888889,0
Bearing2_5,C2,177.66666666666666,207.33333333333331,0.4614718614718615,0.28714477430325736,0.37991329762130627,1.1500000000000001,1.5726666666666667,0.24031639150375547,0.30832473070668404,3.994594072720235,4.138446716110635,0.28579850800455475,0.3758623077285108,1.1449333333333334,1.5517333333333334,0.2286211115914815,0.24802387454746155,4.002590601314627,4.129038580416928,1.022194184984801,1.6817765010193666,1.0192926995006946,1.9124442642886095,-0.8267003718504331,-8.638118158471077,1.2060498589875328,1.1586751004753593,0.007109724551633945,0.006057180128640094,0.014000000000000234,0.058499999999999774,0.031723806760828616,0.0227429505820676,-0.05592102961539114,0.08714574307297518,0.010149249084412533,0.007077974832905137,0.14285100348053495,0.14850773423104852,0.2150211795199176,0.14525502080303188,0.43460908566453643,0.39397847923828805,2.961111111111111,0
Bearing2_5,C2,183.33333333333331,201.66666666666663,0.4761904761904761,0.2924969679345234,0.3809996968923837,1.226,1.6891666666666667,0.3528303616136821,0.36749329719809204,4.18229175495947,4.433429963327165,0.2981032948699849,0.3761481785672374,1.2339333333333333,1.5810333333333335,0.4236559399949336,0.3420120727731816,4.114387320378105,4.202820920141735,1.0412472261556456,1.6865857055833087,1.086654651815523,2.0541143088771787,-1.21375404033393,-10.295802468933866,1.262719637962787,1.2412639960328642,-0.013853636786023138,0.007335008428973,-0.09983333333333344,0.10050000000000003,-0.39223750144523617,0.0010151294016176315,-0.0349495240578781,0.18507099920874914,0.02686674495614806,0.008275397663881356,0.24600475651881093,0.18716717280205847,0.6554178269838327,0.1839783500079041,0.5053986298925506,0.4839307381474518,3.0555555555555554,0
Bearing2_5,C2,210.5,174.5,0.5467532467532468,0.3249238968729314,0.3671446819403558,1.4455,1.4133333333333333,0.8532138786894926,0.23724397250962345,4.4470617052985775,3.850895487645244,0.3050672416889409,0.36729495180680627,1.2822666666666664,1.5309333333333333,0.5388881488966462,0.3483563152528569,4.19403354933356,4.1641646049538386,1.1566824392051767,1.625253189155261,1.2812066061984815,1.718686663964329,-2.9350982942398716,-6.6466983113098825,1.3426591150303935,1.0781670085777608,0.03629686047832137,0.007240787946089788,0.3191666666666666,-0.0535000000000001,0.6373481303714413,0.04379110580941459,0.5431223379778349,-0.21982265265788348,0.019651071973500307,0.007701119289060537,0.18391601031604068,0.3205717880044514,0.36682304647738306,0.5566795291001773,0.4593540186220151,0.8330706086913177,3.5083333333333333,0
Bearing2_5,C2,211.16666666666663,173.83333333333334,0.5484848484848485,0.3255457739085987,0.36192849391373566,1.3958333333333333,1.6181666666666665,0.8112403159193516,0.4095203484358277,4.2903572395308105,4.480360048840846,0.31004501943774565,0.36607584071470506,1.3135333333333332,1.5508,0.6134989015891811,0.363457054773693,4.230110534139356,4.235006382950828,1.1588962321992409,1.6021624931912237,1.2371849794664225,1.9677746250506687,-2.7907071450018437,-11.473244945285337,1.2953468236182073,1.254403399600922,0.03998256451954557,-0.0027487890614714683,0.28283333333333327,0.10283333333333311,0.591330683870515,0.0994658227277534,0.3962308788874962,0.33154758154495756,0.018845961976980304,0.00726864733457314,0.17647012706722404,0.3257365552839886,0.36722841727072864,0.5545506218069908,0.4519876627331521,0.8645991333856281,3.519444444444444,0
Bearing2_5,C2,214.66666666666663,170.33333333333334,0.5575757575757576,0.3062712906978903,0.37210041597238747,1.4478333333333333,1.636,0.6299689509374368,0.3179376790887611,4.726741544391911,4.402235506866812,0.3124381665351006,0.367382859276942,1.4106666666666667,1.5268333333333333,0.8032118028420557,0.2994914532777829,4.506235897192989,4.159239474137549,1.0902818382776385,1.647190923613507,1.2832747363134105,1.9894608836643695,-2.167124609084635,-8.907437404401628,1.4271001932374894,1.2325302264683637,-0.015878978278759892,0.005512189789352584,0.11916666666666664,0.05599999999999983,-0.04158850061897845,0.10229660788597741,0.5963394710955381,0.09358500346373777,0.017177514215061605,0.008404114737702851,0.23538674461453263,0.17939785939086914,0.7037669643367054,0.1730694681230924,0.6524002702723622,0.512292496993904,3.577777777777777,0
Bearing2_5,C2,231.83333333333331,153.16666666666666,0.6021645021645021,0.2740023999030727,0.37331578389154396,1.0285,1.4805,0.08769662289762464,0.21870915693189552,3.7548729841330757,3.966900283643397,0.28020621504813353,0.3710894452545706,1.1542333333333334,1.5014,0.2973722625253618,0.23833712577194474,4.09911030738975,4.046154847184055,0.9924777934123117,1.6525710385484877,0.9542291634451832,1.800364815565464,-0.30168075638053404,-6.127421357304541,1.1336731469052461,1.1106458292269499,0.0047523811290470785,0.0033048859571944145,0.05049999999999988,-0.10583333333333345,0.006509129566811392,-0.07097743248356037,0.12341801639351324,-0.319731679527258,0.017229618971267683,0.007129277929960647,0.22948287943551715,0.11644759069776205,0.43466059225231446,0.13916462328241955,0.5941479185357957,0.30695714973367294,3.8638888888888885,0
Bearing2_5,C2,240.83333333333331,144.16666666666666,0.6255411255411255,0.3588137628989055,0.37646058065000115,1.9055,1.6111666666666666,2.884223960811459,0.35104992925357026,5.129363587116755,4.276997628491109,0.2969156515750665,0.3746003767588258,1.3427000000000002,1.6020333333333334,1.0272512471839872,0.33284188505963125,4.425914232372148,4.2720821865866245,1.2996772720744356,1.6664922287831268,1.7678985619297973,1.9592622618565059,-9.921874267430072,-9.835120139292522,1.5486600436287206,1.197466343503437,0.035053674762402565,-0.005154491991306742,0.1848333333333334,-0.10233333333333317,0.4629256228420182,-0.2691587589618861,0.13305770780507142,-0.19508395553631708,0.04901778509003158,0.0075036322282166276,0.4858184810726339,0.2100316040805441,1.6722303254732773,0.16543055370865514,0.7883174134942091,0.517087393335357,4.013888888888888,0
Bearing2_5,C2,242.16666666666663,142.83333333333334,0.629004329004329,0.2810179180341686,0.375148190711669,1.1205,1.5378333333333334,0.3266333638616585,0.27300391947450536,3.9905863970633058,4.097945047710694,0.2989363608356006,0.37598992385938623,1.3703,1.5953666666666668,1.0515361824202427,0.3301161719933027,4.495899473924797,4.240181401621419,1.01788905242631,1.6606826228222915,1.0395855883717333,1.8700851236319416,-1.123635061568287,-7.648559714108515,1.204839859530037,1.1473355139295103,0.00466087028319373,0.0037022695286673124,0.013000000000000123,-0.004666666666666375,-0.070111091162114,-0.03611742112668609,-0.004908825950458162,-0.04624197131887797,0.04804882920180433,0.006643828560086306,0.4806077438496736,0.19390123389434616,1.6674559656036494,0.14936736207373846,0.8085405013530623,0.48487020197417485,4.0361111111111105,0
Bearing2_5,C2,282.3333333333333,102.66666666666669,0.7333333333333333,0.2828750910761244,0.37578108025472456,1.1363333333333334,1.5490000000000002,0.2408356147882298,0.1963754939317344,4.020109019124059,4.119503345652832,0.2748750087750299,0.3791923109066546,1.0883666666666665,1.5822333333333334,0.2509743318070861,0.2765936050317672,3.958171236567947,4.173433769136946,1.053046697267756,1.6634842587953305,1.0709685526687822,1.883664369679773,-0.8284865258437683,-5.501714754189415,1.213753344486236,1.153371368622756,0.005235919155621105,-0.0013866154369900907,-0.007999999999999785,-0.11566666666666636,0.019257538223974607,-0.07554464615289239,-0.09984903398128964,-0.28329631732932725,0.012143635980066732,0.008018218768529931,0.13089229142319667,0.19207607748033803,0.23424344954170107,0.1694010233034502,0.437138780994758,0.5067511326525561,4.705555555555555,0
Bearing2_5,C2,340.1666666666667,44.833333333333336,0.8835497835497835,0.3190952140949774,0.3765232121997013,1.8691666666666669,1.6170000000000002,3.4100982620875233,0.6131987410892991,5.732046683100389,4.285703906081859,0.2932799460131262,0.37079456038593084,1.3598333333333334,1.5899,1.1456685256936958,0.4144536238549524,4.547098898920633,4.285814223861976,1.1878817609509371,1.666769482222708,1.7616474505984734,1.9663558978516418,-11.730908090263231,-17.17955990106456,1.7306224282147096,1.1999039119329056,0.04277672800141141,0.007401671273119803,0.6895000000000002,0.08650000000000024,2.8498565245478082,0.269558552978943,1.4748276344226126,0.13474286538230018,0.037236678194908064,0.008415830486408257,0.488927897041829,0.20274790700055656,2.289819101615089,0.25315802304639146,1.0154522294615347,0.5086505701969403,5.669444444444445,0
Bearing2_5,C2,349.0,36.0,0.9064935064935064,0.2876550746776655,0.3723898249653643,1.3921666666666666,1.5623333333333334,0.8915750414786826,0.29987649073043193,4.813826412635964,4.194163587742559,0.2895840080407991,0.3678302151904968,1.3251666666666668,1.5505,0.7766572836539878,0.3335204983729013,4.549653951672313,4.215520993006295,1.0708409326154071,1.6484720613010257,1.3120857026169457,1.8998783948115119,-3.0670626073855387,-8.40142973267169,1.4533929006199358,1.1742746131101298,-0.02171328972250508,0.0029406941674713916,0.010999999999999677,0.07799999999999985,0.37759129523554014,0.04219192002502781,0.4049327017670681,0.1750710397364772,0.01775134831404058,0.008984058180850376,0.29551393961325156,0.16812982463274495,0.7410698042097411,0.165197574644712,0.8398877471480725,0.4517803653598136,5.816666666666666,1
Bearing2_5,C2,353.6666666666667,31.33333333333333,0.9186147186147188,0.2737049298320415,0.37319769184677987,1.1613333333333333,1.6239999999999999,0.3959981154586491,0.2873424508130677,4.233940755518984,4.352197258561105,0.2745607376330769,0.37278779188054934,1.1821666666666666,1.5501,0.44026841969663316,0.28975566197401326,4.297793080117056,4.159550941341637,1.018909340122741,1.6520482760469246,1.0945304891458014,1.9748682610458044,-1.3622532664261482,-8.05027230990827,1.278313530285175,1.2185206048976613,-0.013292084091033884,0.002024413550637705,-0.21266666666666656,0.06266666666666643,-0.4507770456175126,-0.03159342148435168,-0.5244734028545555,0.14653147129599464,0.014527665116381951,0.01106462566423844,0.18059176353717035,0.10516894454426559,0.39887841516205086,0.1150320346532067,0.5405191321877095,0.2791157485023001,5.894444444444445,1
Bearing2_5,C2,355.5,29.5,0.9233766233766234,0.2651471148971825,0.36930518353249125,1.0976666666666668,1.6063333333333334,0.14840982053369126,0.42020417408407496,4.138413189283615,4.341076303362175,0.2745047978738128,0.3725416354752324,1.1681,1.5669,0.3770930742520078,0.2989481716625083,4.2415042698762555,4.2065107654461675,0.9870515377312367,1.634817162911426,1.034526090917659,1.9533846777462505,-0.5105371841418537,-11.772566209987453,1.2494717992631459,1.2154069792389475,0.001853909590103231,0.0016042881600777381,-0.025333333333333208,0.10833333333333339,-0.22443647049410034,0.1494465181697175,-0.13592040723152188,0.26640943016025087,0.013781809560784924,0.010933190354961,0.19088782587938696,0.14115761550053235,0.41994352136571905,0.16083528158911528,0.5361135119546112,0.3667901979726699,5.925,1
Bearing2_5,C2,358.1666666666667,26.83333333333333,0.9303030303030304,0.267186515414163,0.36702610290850846,1.0725,1.6580000000000001,0.29586671702136325,0.45472477095910985,3.996785769441234,4.506973688526107,0.2705604400182867,0.36881815827029446,1.0842,1.5839333333333334,0.20817137226687077,0.37243614545021,4.0022938869291,4.288638657977426,0.9946435246065835,1.624728270889638,1.0108070748641262,2.016214025131739,-1.0177962620410999,-12.7397056088415,1.2067115771679495,1.2618546400666482,-0.017193680893953955,-0.011292459830280654,-0.2108333333333332,0.032500000000000195,-0.22605413076129421,0.15998123050586166,-0.48684556201280094,0.20829267099285786,0.009253925234619698,0.009585108775652407,0.1607504813099194,0.21110545384636825,0.25110378992925664,0.22511715757068582,0.5225832768972614,0.5075639954049009,5.969444444444445,1
Bearing2_5,C2,361.5,23.5,0.938961038961039,0.2796813936404526,0.36588444632885025,1.1059999999999999,1.4393333333333331,0.2533081128824737,0.29040667403603626,3.951326681456153,3.932217134233501,0.2753508427611701,0.36688052558681866,1.0970666666666666,1.5600666666666667,0.2544222137525321,0.32125973660478097,3.970867443960003,4.246891552921499,1.0411576598699679,1.6196744567169707,1.0423800697433319,1.7503040129712197,-0.871392541317349,-8.136120507045312,1.1929865463748275,1.1009353014893641,0.005734820651433492,-0.009152960995569281,0.0884999999999998,-0.18100000000000005,0.1422957464089164,-0.14128434117148897,0.2348034436022708,-0.3817033879432423,0.01585331654780623,0.007184753773265899,0.1843252248221575,0.2196454719163051,0.37376894496816937,0.1796635557473749,0.5111720406368865,0.5467266118139358,6.025,1
Bearing2_5,C2,375.5,9.5,0.9753246753246754,0.27522075113305566,0.35192722538466215,1.1268333333333331,1.5285,0.27603482760762765,0.44000238005166503,4.0921728634717205,4.341660835282934,0.26314644619236643,0.3539235069625758,1.0362333333333333,1.5575,0.17859422994224747,0.436914762752035,3.938090156442622,4.396884900416467,1.0581877436049187,1.5578895011746445,1.113801851668808,1.8587353060397243,-0.9495735734003391,-12.327238688195127,1.2355108967509674,1.2155706354675946,0.010418020914567061,0.00016281319966121588,0.06299999999999972,0.023666666666666725,0.03658503249285369,0.05486587581679109,0.07297660165621966,0.06371773549692872,0.01183912080055331,0.007153922358174367,0.11005098609381084,0.23917829880800784,0.19028346697361354,0.33396252565976453,0.3784864082136248,0.6380506231384563,6.258333333333334,1
Bearing2_5,C2,383.6666666666667,1.3333333333333333,0.9965367965367964,0.314543099604689,0.5885305674531099,2.315,9.612833333333333,6.427565486822632,80.2495463611021,7.246925196292313,13.504931833432613,0.2930087611239347,0.473658401983167,1.7812333333333332,5.883033333333333,3.8271213799052175,44.69361589930589,5.896005472952235,9.93925757428924,1.209377023596119,2.605270425308548,2.288227735494712,11.689704094041344,-22.11114583070894,-2248.2953671671685,2.187995313658912,3.781087282844477,0.0032208439140432032,0.02576525114433814,-0.541666666666667,-0.22300000000000075,-5.383211636353685,-17.9801334477866,-1.7646279383705643,-3.021354817681667,0.028531924628156163,0.2003956760890194,0.8512962806633609,6.176857707344536,5.843928475608964,68.1303115719405,2.2551639937431918,6.713613240675965,6.394444444444445,1
Bearing2_5,C2,384.8333333333333,0.1666666666666666,0.9995670995670995,0.5158504418092172,1.1685496726228022,7.3181666666666665,21.242166666666666,67.65919059831597,137.32782248569563,14.053835264419869,18.34591190201715,0.3356581144934131,0.5962859165885424,2.7768999999999995,8.376299999999999,15.737770127984898,56.125789103552094,7.2080379074744005,10.866404631409603,1.9833773899984615,5.172862840009968,7.233534315179071,25.83157681394406,-232.7509899625513,-3847.4174755883887,4.243141037693789,5.136456447205236,0.21401829731951516,0.5737724352290722,5.086666666666666,12.2115,61.131778056914534,57.75709305607967,6.871079270598779,5.2682236514572,0.1063868869996256,0.35259479861947496,2.5643442846749065,8.626852737138606,30.244602417209848,72.51755315392194,4.022974462390178,6.8974655304437045,6.413888888888889,1
Bearing3_2,C3,33.0,239.66666666666663,0.1210268948655256,0.3033326138575105,0.2848954652176893,1.6911666666666667,1.3358333333333334,1.3389219687594425,0.5617580133804978,5.569307881102854,4.676245222962761,0.29321812610828035,0.28564481947747844,1.4395666666666669,1.4381,0.8701024630242128,1.2610947741231535,4.887965990129291,4.963977341097122,1.0694780866869908,1.2055859216198959,1.4040404040404042,1.6866582491582491,-34.919187093212635,-14.082702075333373,1.6280561258094877,1.4222692367829985,0.014177977407762277,-0.009431078938747062,-0.036833333333333274,-0.24183333333333312,-0.5885833676258889,-0.4349332661494705,-0.2927796210118476,-0.6787518728958792,0.018961258517160677,0.013752485431779302,0.31599199938947947,0.6860798360098571,0.5564746417187575,4.48140476366968,0.9358831053632161,1.9126001669933623,0.55,0
Bearing3_2,C3,50.16666666666666,222.5,0.1839853300733496,0.33347418729539235,0.3181141958014315,1.6218333333333337,1.5975000000000001,1.4009208973555143,1.0906505560208457,4.841374179255172,5.0130974703671685,0.32938261873815106,0.3186826826676163,1.6795,1.8627333333333336,1.5822236242300514,1.831690349068339,5.092631976182088,5.788030799293242,1.1757500495997029,1.3461568987509045,1.3464784834647852,2.0170454545454546,-36.53612388097097,-27.34150022410963,1.4152618347096004,1.5247220736171117,-0.0019258358222550842,0.015223120722476113,-0.30433333333333334,-0.11083333333333312,-0.7767291379485661,-0.13884711876206834,-0.8944408026905517,-0.5985897955683255,0.021903424371848876,0.015943365876585118,0.31280882671204346,0.6030884268287,0.9686195719803017,2.1169963500489923,0.8826943818005388,1.5821272400491095,0.8361111111111109,0
Bearing3_2,C3,71.33333333333333,201.33333333333331,0.2616136919315403,0.31480060337544713,0.3029516396613306,1.5725000000000005,1.6548333333333336,1.167069683117663,1.1006062540520647,4.981872964203111,5.442990545900471,0.3210925350986944,0.30291901534251336,1.6588333333333334,1.7020333333333333,1.6035582623486033,1.5236892682270067,5.146928505262547,5.5866536504401125,1.1099114688143432,1.2819938408927902,1.30552096305521,2.0894360269360273,-30.437266372857586,-27.591079448590893,1.4563333488701693,1.655473064483596,-0.009725860659208274,0.007371239135001373,-0.44283333333333297,0.1758333333333335,-1.3302964536367652,0.37524341934191685,-1.2118599805503179,0.48024349678003464,0.029841478591805914,0.014189113464582293,0.37978715303337374,0.4926518308468816,1.5355635699597388,2.0637478875923105,0.9101001163657285,1.45001880278479,1.1888888888888889,0
Bearing3_2,C3,75.5,197.16666666666663,0.2768948655256724,0.30078390110359177,0.29394481075991236,1.627,1.5651666666666666,1.905382302126741,1.0669130902391686,5.402277574554468,5.270672858039489,0.31107979358782933,0.29975106474862995,1.6289666666666667,1.6969333333333332,1.6975206593903382,1.4674400172006752,5.222897291073123,5.597126612080612,1.060491936451078,1.243879839626775,1.3507679535076798,1.9762205387205385,-49.69251580337149,-26.746426098481884,1.5792287455357852,1.6030630357719342,-0.029110876453511014,-0.007798221066099287,0.11016666666666652,-0.23150000000000026,0.6746981155345533,-1.4156919710223281,0.8039305198268858,-0.584285998479503,0.025184917468343473,0.015519085502995786,0.38511301371588724,0.6263413706946722,1.1921115027063938,2.4356175806544935,1.1165797805922244,1.7305720663218276,1.2583333333333333,0
Bearing3_2,C3,99.16666666666669,173.5,0.3636919315403423,0.27327148553400554,0.27764809470156787,1.3595,1.4496666666666667,1.1810359364455862,0.896741923077529,4.935895780350131,5.208085244152595,0.2758301830444167,0.27852237616960884,1.428133333333333,1.3843,1.188665265315007,0.6830267410965619,5.156816675241607,4.956034559751974,0.9916797306828826,1.1749173819984493,1.128684101286841,1.8303872053872052,-30.801507325152077,-22.48040800551716,1.4428930009100038,1.5840271568582567,-0.013925205115482786,-0.0011165418483745082,-0.1528333333333336,0.08666666666666645,-0.18833898528160486,0.2486111249724049,-0.2996069598749109,0.34311495457136765,0.016619502731141468,0.007033721992399477,0.3372819073971659,0.3569187244486759,0.704917079101173,0.724516140183388,1.1068419964405296,1.200705344958095,1.6527777777777781,0
Bearing3_2,C3,99.66666666666669,173.0,0.3655256723716381,0.2731540868256256,0.2774058851112647,1.2941666666666667,1.2980000000000003,1.0747199648855712,0.5640624055674712,4.730955185360892,4.6593514552948205,0.2743104812208529,0.27859327499942815,1.4113,1.4046999999999998,1.1698287216804746,0.735550446343344,5.1271499328226655,5.024179688395995,0.996972239860816,1.1738924289619814,1.0744430607444306,1.638888888888889,-28.028778675893623,-14.140470843843831,1.382983439754049,1.4171310361750655,-0.009376795908908386,0.0010897267946248235,-0.19766666666666666,0.08583333333333343,-0.3277994915967146,0.26416971043705434,-0.5361475971845326,0.2807105166888899,0.01601476821093468,0.007475560222153752,0.32571281511637445,0.36933333696419063,0.7206892771001449,0.7495030578898508,1.0862348571240448,1.228887841816827,1.6611111111111114,0
Bearing3_2,C3,113.5,159.16666666666666,0.4162591687041564,0.3010350145089087,0.2720485432335251,1.3961666666666668,1.304,1.3391466332877668,0.2970176816580807,4.595469652794514,4.800396049644233,0.29464396697205497,0.27399247589514136,1.5003,1.2484333333333333,1.4747272725890133,0.4632441237072534,5.084903448924198,4.542484077108744,1.1000874903901963,1.151221882275068,1.1591255015912552,1.6464646464646464,-34.92504636125126,-7.445931205726832,1.3433774319767287,1.4600294253725867,0.007969293091748486,-0.0001838924657955876,-0.15083333333333315,0.24316666666666653,-0.17500880926791118,0.08460524389036558,-0.6596907188444865,0.9009269396382837,0.01954009900620124,0.008688183844111791,0.3520140230357205,0.32338689152344435,0.901182923564056,0.9248449097300935,1.1494969784987052,1.049203993369508,1.8916666666666666,0
Bearing3_2,C3,119.16666666666669,153.5,0.437041564792176,0.28681213244713627,0.2709043173363806,1.470666666666667,1.140666666666667,1.560965348336903,0.3253503430851851,5.0991859473804855,4.203663273680764,0.29130954866964726,0.28010914403311066,1.6132,1.3310333333333333,2.0617860965392985,0.6611622501069371,5.533530323633092,4.726065681527489,1.0481120925814875,1.1463798865216561,1.2209768922097692,1.4402356902356905,-40.71009537254913,-8.156202212771541,1.490627039392642,1.2785345230810348,-0.02202583276832626,-0.008007687970164379,-0.2674999999999996,-0.3553333333333333,-0.5211288168873718,-0.6319695812339949,-0.5274525347670407,-1.1553254666652144,0.020099414951463387,0.009301101382951947,0.3461611544173987,0.3648451238098392,1.395432717172525,0.9564131851597434,1.107692502351965,1.1613055778756283,1.9861111111111114,0
Bearing3_2,C3,121.0,151.66666666666666,0.4437652811735941,0.2892718270559534,0.27692411996202543,1.5908333333333335,1.3115,1.8167738675721425,0.4802257877999967,5.46428011931924,4.724675535346187,0.28981825164454433,0.2788557504711498,1.5638,1.3212000000000002,1.7843559162662217,0.5620761088570828,5.378326297034883,4.722256699863673,1.057100679087792,1.1718537538956508,1.320741663207417,1.6559343434343434,-47.38160107014359,-12.038772100076642,1.597353730717979,1.4369992049832325,0.007632717394500388,-5.584287735882487e-05,-0.02866666666666684,0.060833333333333295,-0.3218939403626555,0.18824368996769064,-0.2963787978663692,0.2263579797807651,0.02326149050162839,0.008984193465483967,0.2791413435075003,0.3235744757846501,0.935981103898258,0.6261729856343513,0.7298320907256285,1.0677889982609852,2.0166666666666666,0
Bearing3_2,C3,146.83333333333334,125.83333333333331,0.5385085574572127,0.2961238408870152,0.2716951269440005,1.2728333333333335,1.2388333333333337,1.2001353263412315,0.3993820550950669,4.292535340202529,4.519299969737979,0.3003057641222647,0.2767934059313713,1.5806333333333336,1.3779666666666666,1.8169663405165954,0.6424226859399373,5.246632831470555,4.933338507035477,1.082140340044935,1.1497263382768634,1.0567317005673171,1.564183501683502,-31.29962087074592,-10.012101940998257,1.2548217130503756,1.3745346987342648,-0.006836008615141664,0.00652939618544901,-0.34883333333333333,0.09716666666666685,-0.3095280045842588,0.17432483020432926,-1.044171609676125,0.20658295434587348,0.02362295052561311,0.0112388691628203,0.3948224815711778,0.4787198794582342,1.463194389379533,0.9741467082509595,1.1742920285402423,1.5423727887179086,2.4472222222222224,0
Bearing3_2,C3,199.16666666666663,73.5,0.730440097799511,0.275026326004947,0.2700162309667545,1.5008333333333335,1.2753333333333334,1.6443715903655984,0.507753472256193,5.469197416225004,4.707938481258828,0.2861981287645615,0.26850520283870977,1.5216666666666667,1.2338,1.6892798378947373,0.4899155455904359,5.310423302212737,4.59104837792928,1.0050426235618666,1.142621790815971,1.2460218624602188,1.6102693602693603,-42.88533652781996,-12.72886315313977,1.5987911867754934,1.4319086684506461,-0.04212996727945284,-0.0007889065642045501,-0.13516666666666666,0.07899999999999996,-0.10293883318971497,0.21591167732015332,0.2810124697997578,0.29021843435077166,0.02219999885923728,0.007026494587425592,0.2632627287859346,0.3418963747021657,0.9289734139119623,0.760746312453448,0.7668230334856807,1.2529410434687946,3.3194444444444438,0
Bearing3_2,C3,210.5,62.16666666666666,0.7720048899755502,0.33198443820555684,0.28123730402659997,2.016,1.4233333333333336,2.9147185016118846,0.7598322409669395,6.130043889878626,5.053008336890442,0.31626377907509773,0.2759890499905101,1.8725666666666667,1.3180333333333332,2.798929712172516,0.6484991731954594,5.883387847832956,4.761588666281932,1.2131875359081936,1.1901057607558971,1.6737235367372356,1.7971380471380474,-76.01608088941592,-19.04822151512865,1.7919741051237468,1.5368608719398906,0.012177834855065295,0.009535488715516238,0.2816666666666665,0.11916666666666664,1.0005844849230319,0.2830424291287831,0.7152590929831302,0.26909998919797395,0.024042739049546916,0.008915792387857903,0.632419147528694,0.378532054246341,2.8002234941102198,0.8524828677679113,1.8533397747187716,1.290362679132427,3.5083333333333333,0
Bearing3_2,C3,212.66666666666663,60.0,0.7799511002444988,0.3021272754576429,0.2733850049466757,1.5136666666666667,1.3995,1.3610435279103632,0.7348940243616902,4.953200704426868,5.086397057885683,0.31222432666597066,0.27569751673554477,1.9172666666666667,1.3465333333333334,2.8302137924391166,0.6526143802359942,6.111321871918981,4.874539211138482,1.1040789948598821,1.1568773581350549,1.2566763525667637,1.7670454545454544,-35.49611904354898,-18.42304578754365,1.4479516883180736,1.5470159746906773,0.0018520430368550445,-0.0001223774447349224,0.041999999999999815,0.10049999999999981,-0.18656683235371174,-0.06150484422972413,0.08290451425374545,0.3667382436039084,0.027174817582223596,0.009240133089096051,0.6174306569097088,0.32297877941750874,2.773509957590766,0.6562895217217425,1.8219719183804661,1.1031875429490297,3.544444444444444,0
Bearing3_2,C3,213.16666666666663,59.5,0.7817848410757946,0.2847894529790305,0.2765112431407936,1.4723333333333335,1.4080000000000001,1.4765655996983567,0.7243269948871447,5.177011325730801,5.075691498122052,0.3093293490797605,0.27633357720883933,1.8722666666666667,1.3502,2.4486506482013204,0.6694661135781689,6.025066090603348,4.87621887343327,1.0407205126233814,1.1701065920632927,1.222360592223606,1.777777777777778,-38.50894348909757,-18.15814110551556,1.5133774576980457,1.5437599032939966,-0.012060184899893578,0.00451100096563406,-0.25216666666666665,0.03233333333333355,-2.1017674039101744,-0.14723113809950572,-0.5585082312969645,0.043066901281903824,0.029787666923216372,0.008914706296280137,0.524364438504192,0.317786460508876,1.4887021447100366,0.6640649795370932,1.4918727005661516,1.0814456962875958,3.552777777777777,0
Bearing3_2,C3,249.5,23.166666666666668,0.915036674816626,0.3118130140450532,0.43517846360621765,1.7836666666666667,3.7805,1.731844777852505,7.294688178952744,5.73213163083519,8.675800719918806,0.32802435436034,0.476019876115784,2.7145333333333337,4.507333333333333,6.44587304945453,11.8912164861858,8.221395056461018,9.393633262338927,1.1394740796229683,1.8415352056058516,1.4808357548083577,4.773358585858586,-45.1666439309131,-182.8704137898356,1.6756538181687952,2.6387248486901203,-0.0004201210994693172,-0.05075791627034004,-0.8030000000000002,-1.0421666666666676,-5.882106767310589,-6.949767854177243,-2.4431610659019176,-1.1654681989855256,0.017830509758763585,0.03952638919624536,0.8030762291869032,1.2492039488198554,4.534520234386718,6.790545254429344,2.1783854131388423,2.101145035867035,4.158333333333333,1
Bearing3_2,C3,252.33333333333331,20.33333333333333,0.9254278728606355,0.30133139004447695,0.417028638767555,1.922,3.155666666666667,2.439852187882642,5.313542901003311,6.2299643948515095,7.443387949117157,0.3135539515241389,0.43944189456864874,2.1256,3.7295999999999996,3.0445651717039612,7.854421866724118,6.7310904504498295,8.462997775664258,1.1011705505108544,1.7647309880004949,1.5956828559568286,3.9844276094276094,-63.631531199235404,-133.20511653947335,1.8211835138488515,2.2638893370017206,-0.02698413900724489,-0.05220364721682019,-0.8560000000000001,-1.3280000000000003,-4.505527884703028,-6.9526871542109205,-2.2183190205465158,-1.9889411337412186,0.019863452695030585,0.02808350067631601,0.5493458555095468,0.7555094923979733,1.9711418482380647,3.294601217386196,1.5329766998609444,1.6182448740752433,4.205555555555555,1
Bearing3_2,C3,254.83333333333331,17.833333333333332,0.934596577017115,0.24940132169817156,0.3396308418555214,0.9171666666666667,1.3535000000000004,0.1321270275987856,0.12270176189630294,3.679193668947328,3.9786221569030844,0.28009202658840054,0.3861424153435076,1.5305666666666666,2.5582,1.5796629805881737,4.117488779894588,5.296080530146073,6.3303489236963655,0.9113998733154685,1.4372084202044597,0.7614501176145012,1.7089646464646469,-3.44588295990608,-3.07600838038017,1.0755257060026342,1.2100887846427508,-0.06169452789553123,-0.09350406089818614,-1.1833333333333331,-2.4136666666666664,-2.444790923929511,-7.705119978157135,-3.080984274133972,-4.700856873028071,0.030427667390415136,0.048861928672246646,0.6969007094633888,1.373075817280311,2.198877269255128,4.946340887949813,1.877589961579826,2.7860365814241717,4.247222222222222,1
Bearing3_2,C3,257.6666666666667,15.0,0.9449877750611247,0.25322808526824087,0.35459319124006444,1.173,1.7868333333333337,0.3952512816340419,1.5798931223292059,4.621375149953727,4.973771492793095,0.25430909869927854,0.34913427391115637,1.0945,1.6449666666666667,0.346153790202067,0.8511612187996133,4.287949656314269,4.646925804792164,0.996499838363997,1.500524267505083,1.0980747027802915,2.2561026936026938,-10.308183579211178,-39.60631379113112,1.3509502945734082,1.5127611679239357,-0.029861709819028914,-0.03222228985188724,-0.4734999999999998,-0.6328333333333334,-1.3733700341828787,-1.3529839090039595,-0.9779944816966388,-1.0779358216329404,0.008973098775076977,0.016045737658072483,0.3074156738875314,0.7007919895687108,0.7554429287734882,2.045210574492335,1.1092137628747596,1.686854780249715,4.294444444444445,1
Bearing3_2,C3,258.1666666666667,14.5,0.9468215158924206,0.2539319288249497,0.3511180532393469,1.1451666666666667,1.8043333333333338,0.3983457328514875,1.6402652641274533,4.494334537118,5.069848341827099,0.2535667212786396,0.3493031642140423,1.0936,1.6762333333333332,0.3501703186320616,0.8895105132365482,4.295710140896242,4.736369327159267,1.00144028184956,1.4858186018808508,1.0720192217680282,2.2781986531986536,-10.388887103041561,-41.11978198623211,1.313812960389463,1.541982720736671,-0.0027540822309060076,0.007977226849829488,0.12683333333333335,0.4055000000000004,0.265995874099347,1.544522110669347,0.5285785377357759,1.0096310638532646,0.008320803514165174,0.015914318545194577,0.30852045145422397,0.702830615947141,0.7564713088240127,2.039487508982062,1.1105629215717772,1.7031691867375465,4.302777777777778,1
Bearing3_2,C3,270.5,2.1666666666666665,0.9920537897310512,0.972870370711853,1.0331711891976185,9.333166666666667,6.984500000000001,18.2332954539294,2.840774329974544,9.638467146714188,6.726068472126891,0.6322348100037111,0.7143276129752921,5.586433333333333,5.1344,12.733681006230313,7.359532019147607,8.597158984695595,7.028413879077829,4.019077349550544,4.372047969834082,9.425854233294059,8.818813131313131,-475.5257364785053,-71.2153233231922,2.8175790989874576,2.04571826674674,0.5904994246684443,0.5725266449421824,6.185833333333333,4.1623333333333346,11.137540762081567,1.1037586649818691,1.3857682578082748,0.5935353369868617,0.21101503697871915,0.22126785917444478,2.646462566538952,3.0850636678167196,15.239293899108253,21.65659706272319,2.093705578236346,2.6236777064670718,4.508333333333334,1
